{
  "mode": "full",
  "meta": {
    "duration_s": 1004.0,
    "distance_km": 10.81245,
    "elev_gain_m": NaN
  },
  "modalities": {
    "power": true,
    "cadence": true,
    "hr": true,
    "gps": true
  },
  "physio": {
    "ftp": 270.0,
    "np": 85.72126788168822,
    "if": 0.317486177339586,
    "tss": 2.8111295192474963,
    "kJ": 84.198,
    "vi": 1.0166047292530156
  },
  "hr": {
    "avg": 97.75560081466395,
    "max": 116.0,
    "drift_pct": -0.3496164601379026
  },
  "cadence": {
    "avg": 13.582317073170731,
    "stdev": 28.623833383310433,
    "low_rpm_pct": 92.4089068825911
  },
  "zones_pct": {
    "z1": 97.57085020242914,
    "z2": 2.0242914979757085,
    "z3": 0.0,
    "z4": 0.0,
    "z5": 0.0,
    "z6": 0.0
  },
  "load": {
    "tss": 2.8111295192474963,
    "trimp": 0.0,
    "atl": 85.0,
    "ctl": 73.0,
    "tsb": -12.0
  },
  "terrain": {},
  "est": {},
  "context": {
    "sleep_h": 6.5,
    "rpe": 7
  },
  "segments": [
    {
      "name": "HR-drift-1",
      "stats": {
        "len_km": 0.19659000000000004,
        "duration_s": 33.0,
        "p_avg": 121.32352941176471,
        "p_max": 143.0,
        "hr_avg": 113.6470588235294,
        "cadence_avg": 73.52941176470588
      },
      "series": {
        "dt_s": 5,
        "t": [
          0,
          5,
          10,
          15,
          20,
          25,
          30
        ],
        "p": [
          124.0,
          143.0,
          136.0,
          122.0,
          113.0,
          100.0,
          115.0
        ],
        "hr": [
          115.0,
          116.0,
          114.0,
          109.0,
          114.0,
          113.0,
          114.0
        ],
        "cad": [
          76.0,
          75.0,
          75.0,
          76.0,
          74.0,
          71.0,
          70.0
        ],
        "speed": [
          7.667,
          7.798,
          7.667,
          7.47,
          7.405,
          7.012,
          7.143
        ]
      }
    }
  ]
}